date,message
2025-04-22T00:00:03+03:00,"üì° **–û–±—Å—Ç–∞–Ω–æ–≤–∫–∞ —Å—Ç–∞–Ω–æ–º –Ω–∞ 00:00 22.04.25**

‚Äî –°—Ç—Ä–∞—Ç–µ–≥—ñ—á–Ω–∞ –∞–≤—ñ–∞—Ü—ñ—è:
–ù–µ –∞–∫—Ç–∏–≤–Ω–∞;

‚Äî –ë–ø–õ–ê:
–¢—Ä–∏–≤–∞—î –∑–∞–≥—Ä–æ–∑–∞ —É–¥–∞—Ä–Ω–∏—Ö –ë–ø–õ–ê;

‚Äî –§–ª–æ—Ç:
–í –∞–∫–≤–∞—Ç–æ—Ä—ñ—é –ß–æ—Ä–Ω–æ–≥–æ –º–æ—Ä—è –≤–∏–≤–µ–¥–µ–Ω–æ 6—Ö —Ä–∞–∫–µ—Ç–æ–Ω–æ—Å—ñ—ó–≤.
–ó–∞–≥–∞–ª—å–Ω–∏–π –±–æ—î–∑–∞–ø–∞—Å –¥–æ 46—Ö –∫—Ä–∏–ª–∞—Ç–∏—Ö —Ä–∞–∫–µ—Ç ""–ö–∞–ª—ñ–±—Ä"". 

__–ù–∞ –∑–≤'—è–∑–∫—É.__

#–æ–±—Å—Ç–∞–Ω–æ–≤–∫–∞@war_monitor"
2025-04-22T00:01:37+03:00,"–ß–µ—Ä–Ω—ñ–≥—ñ–≤—â–∏–Ω–∞:
4—Ö –ë–ø–õ–ê —É –ß–µ—Ä–Ω—ñ–≥—ñ–≤—Å—å–∫–æ–º—É —Ä–∞–π–æ–Ω—ñ –ø–æ–≤–∑ –°–ª–∞–≤—É—Ç–∏—á —Ç–∞ –Ω–∞ —Å—Ö—ñ–¥ –≤—ñ–¥ –ß–µ—Ä–Ω—ñ–≥–æ–≤–∞."
2025-04-22T00:02:19+03:00,"–î–æ–Ω–µ—á—á–∏–Ω–∞/–î–Ω—ñ–ø—Ä–æ–ø–µ—Ç—Ä–æ–≤—â–∏–Ω–∞:
3—Ö –ø–æ –º–µ–∂—ñ –æ–±–ª–∞—Å—Ç–µ–π –≤–µ–∫—Ç–æ—Ä–æ–º –Ω–∞ –°–∏–Ω–µ–ª—å–Ω–∏–∫—ñ–≤—Å—å–∫–∏–π —Ä–∞–π–æ–Ω."
2025-04-22T00:27:53+03:00,"–î–Ω—ñ–ø—Ä–æ–ø–µ—Ç—Ä–æ–≤—â–∏–Ω–∞:
2—Ö –ë–ø–õ–ê —á–µ—Ä–µ–∑ –°–∏–Ω–µ–ª—å–Ω–∏–∫—ñ–≤—Å—å–∫–∏–π —Ä–∞–π–æ–Ω.
–ö—É—Ä—Å –ü—ñ–≤–¥–µ–Ω–Ω–æ-–∑–∞—Ö—ñ–¥–Ω–∏–π."
2025-04-22T00:28:40+03:00,"–ö–∏—ó–≤—â–∏–Ω–∞:
3—Ö –ë–ø–õ–ê –Ω–∞ –ø—ñ–≤–Ω–æ—á—ñ –æ–±–ª–∞—Å—Ç—ñ."
2025-04-22T00:43:20+03:00,üîÑ 1—Ö –ë–ø–õ–ê –ø—Ä–æ–¥–æ–≤–∂—É—î —Ä—É—Ö –¥–æ–≤–∫–æ–ª–∞ –ß–µ—Ä–Ω—ñ–≥–æ–≤–∞.
2025-04-22T00:43:45+03:00,"–ö–∏—ó–≤—â–∏–Ω–∞:
3—Ö –ë–ø–õ–ê —á–µ—Ä–µ–∑ –í–∏—à–≥–æ—Ä–æ–¥—Å—å–∫–∏–π —Ä–∞–π–æ–Ω —É –Ω–∞–ø—Ä—è–º–∫—É –ö–∏—î–≤–∞."
2025-04-22T00:58:23+03:00,"–ö–∏—ó–≤—â–∏–Ω–∞:
2—Ö –ë–ø–õ–ê –ø–æ–≤–∑ –ì–æ—Å—Ç–æ–º–µ–ª—å."
2025-04-22T01:07:34+03:00,‚ùóÔ∏è –°–∞–º–∞—Ä ‚Äî 1—Ö –ë–ø–õ–ê –Ω–∞ –º—ñ—Å—Ç–æ.
2025-04-22T01:45:54+03:00,–î–æ—Ä–æ–∑–≤—ñ–¥–∫–∞ –ø–æ –æ–±–ª–∞—Å—Ç—è—Ö.
2025-04-22T06:13:45+03:00,"üî± –£ –ß–æ—Ä–Ω–µ –º–æ—Ä–µ –≤–∏–≤–µ–¥–µ–Ω–æ 1√ó –Ω–æ—Å—ñ–π —Ä–∞–∫–µ—Ç —Ç–∏–ø—É ¬´–ö–∞–ª—ñ–±—Ä¬ª.
–ó–∞–≥–∞–ª—å–Ω–∏–π –±–æ—î–∑–∞–ø–∞—Å —Å—Ç–∞–Ω–æ–≤–∏—Ç—å –¥–æ 6 —Ä–∞–∫–µ—Ç.

@war_monitor"
2025-04-22T06:20:05+03:00,"üóÇ **–ì–æ–ª–æ–≤–Ω–µ –Ω–∞ —Ä–∞–Ω–æ–∫ 22.04.25**

–í–æ—Ä–æ–≥ –∞—Ç–∞–∫—É–≤–∞–≤ —É–¥–∞—Ä–Ω–∏–º–∏ –ë–ø–õ–ê –¥–µ–∫—ñ–ª—å–∫–∞ –æ–±–ª–∞—Å—Ç–µ–π, –æ—Å–Ω–æ–≤–Ω–∏–π —É–¥–∞—Ä –±—É–≤ —Å–ø—Ä—è–º–æ–≤–∞–Ω–∏–π –Ω–∞ –û–¥–µ—Å—É.

‚ñ´Ô∏è **–ú–∞—Å–æ–≤–∞–Ω–∞ –∞—Ç–∞–∫–∞ –ø–æ –û–¥–µ—Å—ñ —â–æ–Ω–∞–π–º–µ–Ω—à–µ 25 —É–¥–∞—Ä–Ω–∏–º–∏ –ë–ø–õ–ê.**
‚Äî –í–Ω–∞—Å–ª—ñ–∂–æ–∫ –∞—Ç–∞–∫–∏ –≤–∏–Ω–∏–∫–ª–∏ –º–∞—Å—à—Ç–∞–±–Ω—ñ –ø–æ–∂–µ–∂—ñ.
‚Äî –ü–æ—à–∫–æ–¥–∂–µ–Ω–æ –∂–∏—Ç–ª–æ–≤—ñ –±—É–¥–∏–Ω–∫–∏, —Ü–∏–≤—ñ–ª—å–Ω—É —ñ–Ω—Ñ—Ä–∞—Å—Ç—Ä—É–∫—Ç—É—Ä—É, –ø—ñ–¥–ø—Ä–∏—î–º—Å—Ç–≤–∞, –Ω–∞–≤—á–∞–ª—å–Ω–∏–π –∑–∞–∫–ª–∞–¥
‚Äî –ü–æ—Å—Ç—Ä–∞–∂–¥–∞–ª–∏ 3 –æ—Å–æ–±–∏.

#—Ä–∞–Ω–æ–∫@war_monitor"
2025-04-22T17:04:21+03:00,"‚ö°Ô∏è–í–æ–ª–æ–¥–∏–º–∏—Ä—Å—å–∫–∞ –æ–±–ª–∞—Å—Ç—å —Ä—Ñ - –¥–µ—Ç–æ–Ω—É—î 51 –∞—Ä—Å–µ–Ω–∞–ª –ì–†–ê–£ üî•

–í –∞—Ä—Å–µ–Ω–∞–ª—ñ –ø–æ–ø–µ—Ä–µ–¥–Ω—å–æ –º–æ–∂–µ –∑–Ω–∞—Ö–æ–¥–∏—Ç–∏—Å—å –¥–æ 200 —Ç–∏—Å —Ç–æ–Ω–Ω –ë–ö.
–°–µ—Ä–µ–¥ –Ω–∏—Ö —è–∫ –±–∞–ª—ñ—Å—Ç–∏—á–Ω—ñ —Ä–∞–∫–µ—Ç–∏, —Ç–∞–∫ —ñ —Ä–∞–∫–µ—Ç–∏ –†–°–ó–í."
2025-04-22T17:10:42+03:00,"üí• –©–µ –º–µ–¥—ñ–∞ –∑ –º—ñ—Å—Ü—è –¥–µ—Ç–æ–Ω–∞—Ü—ñ—ó.
–í–∏–±—É—Ö –º–∞—Å—à—Ç–∞–±–Ω–∏–π, —Å–ø–æ–¥—ñ–≤–∞—î–º–æ—Å—å –Ω–∞ –∑–º—ñ—Å—Ç–æ–≤–Ω–µ —É—Ä–∞–∂–µ–Ω–Ω—è.
–¶—ñ–∫–∞–≤–æ —á–∏–º, –±–æ –∞—Ä—Å–µ–Ω–∞–ª –≤ 530–∫–º –≤—ñ–¥ –õ–ë–ó üëÄ"
2025-04-22T17:10:42+03:00,
2025-04-22T18:42:14+03:00,–û—á—ñ–∫—É—î–º–æ –≥—Ä—É–ø–∏ —É–¥–∞—Ä–Ω–∏—Ö –ë–ø–õ–ê –∑ –ü—ñ–≤–¥–µ–Ω–Ω–æ–≥–æ –Ω–∞–ø—Ä—è–º–∫—É –≤–ø—Ä–æ–¥–æ–≤–∂ –Ω–∞—Å—Ç—É–ø–Ω–∏—Ö —Ç—Ä—å–æ—Ö –≥–æ–¥–∏–Ω.
2025-04-22T20:55:20+03:00,"‚ö†Ô∏è **–ó–∞–≥—Ä–æ–∑–∞ —É–¥–∞—Ä–Ω–∏—Ö –ë–ø–õ–ê –∑ –ü—ñ–≤–¥–µ–Ω–Ω–æ–≥–æ –Ω–∞–ø—Ä—è–º–∫—É.

**–ì—Ä—É–ø–∞ –ë–ø–õ–ê –∑ –ö—Ä–∏–º—É —É –Ω–∞–ø—Ä—è–º–∫—É —É–∑–±–µ—Ä–µ–∂–∂—è –ú–∏–∫–æ–ª–∞—ó–≤—Å—å–∫–æ—ó, –û–¥–µ—Å—å–∫–æ—ó –æ–±–ª–∞—Å—Ç–µ–π."
2025-04-22T21:45:41+03:00,‚ùóÔ∏è –ü—É—Å–∫–∏ –ø–ª–∞–Ω–µ—Ä—É—é—á–∏—Ö –∞–≤—ñ–∞—Ü—ñ–π–Ω–∏—Ö –±–æ–º–± (–ö–ê–ë) –ø–æ –ø—Ä–∏–∫–æ—Ä–¥–æ–Ω–Ω—é –°—É–º—Å—å–∫–æ–≥–æ —Ä–∞–π–æ–Ω—É (–Æ–Ω–∞–∫—ñ–≤—Å—å–∫–∞ —Ç–µ—Ä–∏—Ç–æ—Ä—ñ–∞–ª—å–Ω–∞ –≥—Ä–æ–º–∞–¥–∞).
2025-04-22T22:13:29+03:00,"‚ö†Ô∏è 5—Ö –ë–ø–õ–ê –≤ –∞–∫–≤–∞—Ç–æ—Ä—ñ—ó —á–æ—Ä–Ω–æ–≥–æ –º–æ—Ä—è —É –Ω–∞–ø—Ä—è–º–∫—É –û–¥–µ—â–∏–Ω–∏.

üîÑ 3—Ö –ë–ø–õ–ê –Ω–∞–¥ –¢–µ–Ω–¥—Ä—ñ–≤—Å—å–∫–æ—é –∫–æ—Å–æ—é."
2025-04-22T22:36:32+03:00,‚ùóÔ∏è –û–¥–µ—Å–∞ ‚Äî 2—Ö –ë–ø–õ–ê –Ω–∞ –º—ñ—Å—Ç–æ –∑ –∞–∫–≤–∞—Ç–æ—Ä—ñ—ó –ß–ú –∑ 22:45.
2025-04-22T22:37:07+03:00,‚ö†Ô∏è –ì—Ä—É–ø–∞ –∑ ~14—Ö –ë–ø–õ–ê –≤—ñ–¥ –æ.–ó–º—ñ—ó–Ω–∏–π —É –Ω–∞–ø—Ä—è–º–∫—É –û–¥–µ—Å—å–∫–æ–≥–æ —Ä–∞–π–æ–Ω—É.
2025-04-22T22:38:57+03:00,"–°—É–º—â–∏–Ω–∞/–•–∞—Ä–∫—ñ–≤—â–∏–Ω–∞:
7—Ö –ë–ø–õ–ê –≤ –¥–≤–æ—Ö –≥—Ä—É–ø–∞—Ö —á–µ—Ä–µ–∑ –û—Ö—Ç–∏—Ä—Å—å–∫–∏–π —Ç–∞ –ë–æ–≥–æ–¥—É—Ö—ñ–≤—Å—å–∫–∏–π —Ä–∞–π–æ–Ω–∏ –≤–µ–∫—Ç–æ—Ä–æ–º –Ω–∞ –ü–æ–ª—Ç–∞–≤—â–∏–Ω—É."
2025-04-22T22:47:58+03:00,üîÑ 8—Ö –ë–ø–õ–ê –Ω–∞ –°—É–º—â–∏–Ω—ñ —Ç–∞ –•–∞—Ä–∫—ñ–≤—â–∏–Ω—ñ –ª—ñ—Ç–∞—é—Ç—å –∫–æ–ª–æ–º –º—ñ–∂ –û—Ö—Ç–∏—Ä–∫–æ—é —Ç–∞ –ë–æ–≥–æ–¥—É—Ö–æ–≤–æ–º.
2025-04-22T22:51:42+03:00,"‚ö†Ô∏è 11—Ö –ë–ø–õ–ê –≤–∑–¥–æ–≤–∂ –û–¥–µ—Å–∏ —É –∞–∫–≤–∞—Ç–æ—Ä—ñ—ó –ß–æ—Ä–Ω–æ–≥–æ –º–æ—Ä—è.

–ü–æ –ø–µ—Ä—à–∏—Ö –¥–≤—É—Ö –º—ñ–Ω—É—Å."
2025-04-22T23:00:06+03:00,"‚ö†Ô∏è 11—Ö –ë–ø–õ–ê –ø–∞—Ä–∞–º–∏ –ø–æ–≤–µ—Ä—Ç–∞—é—Ç—å —É –Ω–∞–ø—Ä—è–º–∫—É –ü—Ä–∏–º–æ—Ä—Å—å–∫–æ–≥–æ —Ä–∞–π–æ–Ω—É –û–¥–µ—Å–∏.

–£–≤–∞–∂–Ω–æ —É –Ω–∞—Å—Ç—É–ø–Ω—ñ 30 —Ö–≤."
2025-04-22T23:03:53+03:00,"‚ùóÔ∏è –õ–∏–º–∞–Ω–∫–∞, –û–¥–µ—Å–∞ ‚Äî —É–≤–∞–∂–Ω–æ."
2025-04-22T23:11:38+03:00,"‚ö†Ô∏è –û—Å—Ç–∞–Ω–Ω—ñ–π –ë–ø–õ–ê –Ω–∞ –õ–∏–º–∞–Ω–∫–∞, –û–¥–µ—Å–∞ –∑ –∞–∫–≤–∞—Ç–æ—Ä—ó—ó –ß–ú."
2025-04-22T23:12:40+03:00,üîÑ 11—Ö –ë–ø–õ–ê –∫—Ä—É–∂–ª—è—é—Ç—å –≤ —Å–µ–∫—Ç–æ—Ä—ñ –ü–æ–ª—Ç–∞–≤–∞/–ß—É—Ç–æ–≤–µ/–ë–æ–≥–æ–¥—É—Ö—ñ–≤/–û–ø—ñ—à–Ω—è.
2025-04-22T23:14:00+03:00,–û–¥–µ—Å–∞ —ñ –∞–≥–ª–æ–º–µ—Ä–∞—Ü—ñ—è ‚Äî –¥–æ—Ä–æ–∑–≤—ñ–¥–∫–∞.
2025-04-22T23:19:36+03:00,"–°—É–º—â–∏–Ω–∞:
2—Ö –ë–ø–õ–ê —á–µ—Ä–µ–∑ –®–æ—Å—Ç–∫–∏–Ω—Å—å–∫–∏–π —Ä–∞–π–æ–Ω –Ω–∞ –ß–µ—Ä–Ω—ñ–≥—ñ–≤—â–∏–Ω—É.
2—Ö –ë–ø–õ–ê —á–µ—Ä–µ–∑ –°—É–º—Å—å–∫–∏–π —Ä–∞–π–æ–Ω –Ω–∞ –†–æ–º–µ–Ω—Å—å–∫–∏–π —Ä–∞–π–æ–Ω."
2025-04-22T23:20:13+03:00,‚ùóÔ∏è –ü–æ–ª—Ç–∞–≤–∞ ‚Äî 11—Ö –ë–ø–õ–ê –≤—ñ–¥ –ö–æ—Ç–µ–ª—å–≤–∏ —É –Ω–∞–ø—Ä—è–º–∫—É –º—ñ—Å—Ç–∞!
2025-04-22T23:31:07+03:00,‚ùóÔ∏è –ü–æ–ª—Ç–∞–≤–∞ ‚Äî 4—Ö –ë–ø–õ–ê —á–µ—Ä–µ–∑ –ü–æ–¥—ñ–ª—å—Å—å–∫–∏–π —Ä–∞–π–æ–Ω.
2025-04-22T23:36:17+03:00,"–ü–æ–ª—Ç–∞–≤—â–∏–Ω–∞:
2—Ö –ë–ø–õ–ê –ø–æ–≤–∑ –ì–∞–¥—è—á.

–°—É–º—â–∏–Ω–∞:
2—Ö –ë–ø–õ–ê —á–µ—Ä–µ–∑ –ö–æ–Ω–æ—Ç–æ–ø—Å—å–∫–∏–π —Ä–∞–π–æ–Ω.
2—Ö —á–µ—Ä–µ–∑ –†–æ–º–µ–Ω—Å—å–∫–∏–π —Ä–∞–π–æ–Ω.

–ß–µ—Ä–Ω—ñ–≥—ñ–≤—â–∏–Ω–∞:
3—Ö –ë–ø–õ–ê —á–µ—Ä–µ–∑ –ö–æ—Ä—é–∫—ñ–≤—Å—å–∫–∏–π —Ä–∞–π–æ–Ω, –∫—É—Ä—Å –ó–∞—Ö—ñ–¥–Ω–∏–π."
2025-04-22T23:36:43+03:00,–ü–æ–ª—Ç–∞–≤–∞ —ñ –∞–≥–ª–æ–º–µ—Ä–∞—Ü—ñ—è ‚Äî –¥–æ—Ä–æ–∑–≤—ñ–¥–∫–∞.
